documento,chunk_id,chunk_len,pca_x,pca_y
fia_2026_formula_1_technical_regulations_issue_8_-_2024-06-24.pdf,0,999,0.22416227,0.034890983
fia_2026_formula_1_technical_regulations_issue_8_-_2024-06-24.pdf,1,999,-0.13972156,0.0778296
fia_2026_formula_1_technical_regulations_issue_8_-_2024-06-24.pdf,2,1000,0.04499268,-0.3308789
fia_2026_formula_1_technical_regulations_issue_8_-_2024-06-24.pdf,3,1000,0.12622336,-0.42987996
fia_2026_formula_1_technical_regulations_issue_8_-_2024-06-24.pdf,4,1000,0.12975758,-0.3577414
fia_2026_formula_1_technical_regulations_issue_8_-_2024-06-24.pdf,5,1000,-0.11619818,-0.34223804
fia_2026_formula_1_technical_regulations_issue_8_-_2024-06-24.pdf,6,1000,-0.09387675,-0.13916658
fia_2026_formula_1_technical_regulations_issue_8_-_2024-06-24.pdf,7,1000,0.1475706,-0.029436948
fia_2026_formula_1_technical_regulations_issue_8_-_2024-06-24.pdf,8,1000,0.29996,-0.21278624
fia_2026_formula_1_technical_regulations_issue_8_-_2024-06-24.pdf,9,1000,0.3172907,-0.16895707
fia_2026_formula_1_technical_regulations_issue_8_-_2024-06-24.pdf,10,1000,0.317988,0.085150935
fia_2026_formula_1_technical_regulations_issue_8_-_2024-06-24.pdf,11,1000,0.31966826,0.10400949
fia_2026_formula_1_technical_regulations_issue_8_-_2024-06-24.pdf,12,1000,0.3890638,0.11603315
fia_2026_formula_1_technical_regulations_issue_8_-_2024-06-24.pdf,13,1000,0.39821917,0.08367314
fia_2026_formula_1_technical_regulations_issue_8_-_2024-06-24.pdf,14,999,0.4364789,0.09743467
fia_2026_formula_1_technical_regulations_issue_8_-_2024-06-24.pdf,15,1000,0.3300757,0.23642215
fia_2026_formula_1_technical_regulations_issue_8_-_2024-06-24.pdf,16,999,0.46383303,0.2589306
fia_2026_formula_1_technical_regulations_issue_8_-_2024-06-24.pdf,17,1000,0.39369845,0.07999148
fia_2026_formula_1_technical_regulations_issue_8_-_2024-06-24.pdf,18,1000,0.29896325,0.12173454
fia_2026_formula_1_technical_regulations_issue_8_-_2024-06-24.pdf,19,1000,0.20798083,-0.026448058
fia_2026_formula_1_technical_regulations_issue_8_-_2024-06-24.pdf,20,1000,0.1071557,-0.06203019
fia_2026_formula_1_technical_regulations_issue_8_-_2024-06-24.pdf,21,999,-0.20798786,0.024957104
fia_2026_formula_1_technical_regulations_issue_8_-_2024-06-24.pdf,22,999,-0.3079415,0.08364802
fia_2026_formula_1_technical_regulations_issue_8_-_2024-06-24.pdf,23,999,-0.2917834,0.0001491942
fia_2026_formula_1_technical_regulations_issue_8_-_2024-06-24.pdf,24,999,-0.39628077,0.036143534
fia_2026_formula_1_technical_regulations_issue_8_-_2024-06-24.pdf,25,1000,-0.33507112,0.014584684
fia_2026_formula_1_technical_regulations_issue_8_-_2024-06-24.pdf,26,1000,-0.33495632,0.054308284
fia_2026_formula_1_technical_regulations_issue_8_-_2024-06-24.pdf,27,1000,-0.15942039,0.061068997
fia_2026_formula_1_technical_regulations_issue_8_-_2024-06-24.pdf,28,1000,-0.044042554,-0.12471075
fia_2026_formula_1_technical_regulations_issue_8_-_2024-06-24.pdf,29,1000,-0.23194066,0.016249185
fia_2026_formula_1_technical_regulations_issue_8_-_2024-06-24.pdf,30,1000,-0.26931235,0.24752733
fia_2026_formula_1_technical_regulations_issue_8_-_2024-06-24.pdf,31,1000,-0.45489013,0.22476014
fia_2026_formula_1_technical_regulations_issue_8_-_2024-06-24.pdf,32,1000,-0.35061982,0.13244252
fia_2026_formula_1_technical_regulations_issue_8_-_2024-06-24.pdf,33,1000,-0.34201622,0.14841369
fia_2026_formula_1_technical_regulations_issue_8_-_2024-06-24.pdf,34,1000,-0.3574807,0.26492682
fia_2026_formula_1_technical_regulations_issue_8_-_2024-06-24.pdf,35,1000,-0.26277754,0.088251844
fia_2026_formula_1_technical_regulations_issue_8_-_2024-06-24.pdf,36,1000,-0.17648256,0.110050544
fia_2026_formula_1_technical_regulations_issue_8_-_2024-06-24.pdf,37,999,-0.2001562,-0.022009619
fia_2026_formula_1_technical_regulations_issue_8_-_2024-06-24.pdf,38,1000,-0.24815081,0.06405358
fia_2026_formula_1_technical_regulations_issue_8_-_2024-06-24.pdf,39,1000,-0.12866123,0.021646494
fia_2026_formula_1_technical_regulations_issue_8_-_2024-06-24.pdf,40,1000,-0.20430171,0.18284939
fia_2026_formula_1_technical_regulations_issue_8_-_2024-06-24.pdf,41,999,-0.111624785,0.28034815
fia_2026_formula_1_technical_regulations_issue_8_-_2024-06-24.pdf,42,1000,-0.3041168,0.20991254
fia_2026_formula_1_technical_regulations_issue_8_-_2024-06-24.pdf,43,1000,-0.30739003,0.12818599
fia_2026_formula_1_technical_regulations_issue_8_-_2024-06-24.pdf,44,1000,-0.34979948,-0.05137209
fia_2026_formula_1_technical_regulations_issue_8_-_2024-06-24.pdf,45,1000,-0.23530059,-0.043171976
fia_2026_formula_1_technical_regulations_issue_8_-_2024-06-24.pdf,46,1000,-0.10997125,0.08023722
fia_2026_formula_1_technical_regulations_issue_8_-_2024-06-24.pdf,47,1000,-0.29105198,0.095493875
fia_2026_formula_1_technical_regulations_issue_8_-_2024-06-24.pdf,48,1000,-0.4529062,0.1462574
fia_2026_formula_1_technical_regulations_issue_8_-_2024-06-24.pdf,49,1000,-0.51203454,0.11810007
fia_2026_formula_1_technical_regulations_issue_8_-_2024-06-24.pdf,50,1000,-0.49867615,0.17918977
fia_2026_formula_1_technical_regulations_issue_8_-_2024-06-24.pdf,51,998,-0.46856463,0.20437539
fia_2026_formula_1_technical_regulations_issue_8_-_2024-06-24.pdf,52,1000,-0.33338186,0.12687477
fia_2026_formula_1_technical_regulations_issue_8_-_2024-06-24.pdf,53,1000,-0.37681872,0.13191825
fia_2026_formula_1_technical_regulations_issue_8_-_2024-06-24.pdf,54,1000,-0.41297063,0.22060809
fia_2026_formula_1_technical_regulations_issue_8_-_2024-06-24.pdf,55,1000,-0.33668846,0.14669429
fia_2026_formula_1_technical_regulations_issue_8_-_2024-06-24.pdf,56,1000,-0.43824986,0.21667671
fia_2026_formula_1_technical_regulations_issue_8_-_2024-06-24.pdf,57,1000,-0.47060353,0.21254312
fia_2026_formula_1_technical_regulations_issue_8_-_2024-06-24.pdf,58,1000,-0.30926216,0.0434692
fia_2026_formula_1_technical_regulations_issue_8_-_2024-06-24.pdf,59,1000,-0.29082686,-0.04850565
fia_2026_formula_1_technical_regulations_issue_8_-_2024-06-24.pdf,60,999,-0.44806418,0.10483471
fia_2026_formula_1_technical_regulations_issue_8_-_2024-06-24.pdf,61,1000,-0.39002657,0.11168427
fia_2026_formula_1_technical_regulations_issue_8_-_2024-06-24.pdf,62,1000,-0.41806248,0.09108797
fia_2026_formula_1_technical_regulations_issue_8_-_2024-06-24.pdf,63,999,-0.33495277,0.11050742
fia_2026_formula_1_technical_regulations_issue_8_-_2024-06-24.pdf,64,999,-0.38516048,0.17408767
fia_2026_formula_1_technical_regulations_issue_8_-_2024-06-24.pdf,65,999,-0.45315152,0.14763723
fia_2026_formula_1_technical_regulations_issue_8_-_2024-06-24.pdf,66,999,-0.32033285,0.15717918
fia_2026_formula_1_technical_regulations_issue_8_-_2024-06-24.pdf,67,1000,-0.36581844,0.1909712
fia_2026_formula_1_technical_regulations_issue_8_-_2024-06-24.pdf,68,999,-0.40992913,0.13294382
fia_2026_formula_1_technical_regulations_issue_8_-_2024-06-24.pdf,69,1000,-0.45973974,0.18691446
fia_2026_formula_1_technical_regulations_issue_8_-_2024-06-24.pdf,70,999,-0.4921232,0.20748089
fia_2026_formula_1_technical_regulations_issue_8_-_2024-06-24.pdf,71,998,-0.47906628,0.16392498
fia_2026_formula_1_technical_regulations_issue_8_-_2024-06-24.pdf,72,999,-0.37498856,0.19272444
fia_2026_formula_1_technical_regulations_issue_8_-_2024-06-24.pdf,73,999,-0.4795703,0.24145603
fia_2026_formula_1_technical_regulations_issue_8_-_2024-06-24.pdf,74,998,-0.37648252,0.24168508
fia_2026_formula_1_technical_regulations_issue_8_-_2024-06-24.pdf,75,1000,-0.35009387,0.07610699
fia_2026_formula_1_technical_regulations_issue_8_-_2024-06-24.pdf,76,1000,-0.30605328,0.008095475
fia_2026_formula_1_technical_regulations_issue_8_-_2024-06-24.pdf,77,999,-0.41925102,0.14811738
fia_2026_formula_1_technical_regulations_issue_8_-_2024-06-24.pdf,78,1000,-0.34589353,-0.0030687666
fia_2026_formula_1_technical_regulations_issue_8_-_2024-06-24.pdf,79,1000,-0.43996188,0.24264939
fia_2026_formula_1_technical_regulations_issue_8_-_2024-06-24.pdf,80,1000,-0.47112787,0.20285672
fia_2026_formula_1_technical_regulations_issue_8_-_2024-06-24.pdf,81,1000,-0.3717835,0.18664062
fia_2026_formula_1_technical_regulations_issue_8_-_2024-06-24.pdf,82,1000,-0.36289003,0.18840395
fia_2026_formula_1_technical_regulations_issue_8_-_2024-06-24.pdf,83,1000,-0.38980353,0.14617452
fia_2026_formula_1_technical_regulations_issue_8_-_2024-06-24.pdf,84,999,-0.32239908,0.055669997
fia_2026_formula_1_technical_regulations_issue_8_-_2024-06-24.pdf,85,1000,-0.38637438,0.13455623
fia_2026_formula_1_technical_regulations_issue_8_-_2024-06-24.pdf,86,1000,-0.29861873,0.25300062
fia_2026_formula_1_technical_regulations_issue_8_-_2024-06-24.pdf,87,1000,-0.32090598,0.2474404
fia_2026_formula_1_technical_regulations_issue_8_-_2024-06-24.pdf,88,1000,-0.4478209,0.19430447
fia_2026_formula_1_technical_regulations_issue_8_-_2024-06-24.pdf,89,1000,-0.33615354,0.16856948
fia_2026_formula_1_technical_regulations_issue_8_-_2024-06-24.pdf,90,1000,-0.38307205,0.046140414
fia_2026_formula_1_technical_regulations_issue_8_-_2024-06-24.pdf,91,999,-0.25970802,-0.075702764
fia_2026_formula_1_technical_regulations_issue_8_-_2024-06-24.pdf,92,999,-0.19337215,0.043755017
fia_2026_formula_1_technical_regulations_issue_8_-_2024-06-24.pdf,93,999,-0.31521213,0.041398566
fia_2026_formula_1_technical_regulations_issue_8_-_2024-06-24.pdf,94,1000,-0.34581184,0.050393716
fia_2026_formula_1_technical_regulations_issue_8_-_2024-06-24.pdf,95,1000,-0.10513859,0.072613835
fia_2026_formula_1_technical_regulations_issue_8_-_2024-06-24.pdf,96,997,-0.23539528,0.03387546
fia_2026_formula_1_technical_regulations_issue_8_-_2024-06-24.pdf,97,998,-0.39920428,0.12099761
fia_2026_formula_1_technical_regulations_issue_8_-_2024-06-24.pdf,98,998,-0.21487129,-0.037684634
fia_2026_formula_1_technical_regulations_issue_8_-_2024-06-24.pdf,99,999,-0.26343897,-0.04371205
fia_2026_formula_1_technical_regulations_issue_8_-_2024-06-24.pdf,100,999,-0.22036006,-0.01541868
fia_2026_formula_1_technical_regulations_issue_8_-_2024-06-24.pdf,101,1000,-0.23446876,-0.00852285
fia_2026_formula_1_technical_regulations_issue_8_-_2024-06-24.pdf,102,999,-0.16061798,0.10969107
fia_2026_formula_1_technical_regulations_issue_8_-_2024-06-24.pdf,103,999,-0.37706047,0.18812369
fia_2026_formula_1_technical_regulations_issue_8_-_2024-06-24.pdf,104,1000,-0.28756902,0.21967368
fia_2026_formula_1_technical_regulations_issue_8_-_2024-06-24.pdf,105,1000,-0.31172422,0.15256047
fia_2026_formula_1_technical_regulations_issue_8_-_2024-06-24.pdf,106,1000,-0.27836955,0.09317844
fia_2026_formula_1_technical_regulations_issue_8_-_2024-06-24.pdf,107,1000,-0.23923972,0.16976787
fia_2026_formula_1_technical_regulations_issue_8_-_2024-06-24.pdf,108,1000,-0.22727229,0.040151667
fia_2026_formula_1_technical_regulations_issue_8_-_2024-06-24.pdf,109,1000,-0.47041282,0.06969978
fia_2026_formula_1_technical_regulations_issue_8_-_2024-06-24.pdf,110,999,-0.4032243,-0.028067257
fia_2026_formula_1_technical_regulations_issue_8_-_2024-06-24.pdf,111,1000,-0.41344988,0.052057214
fia_2026_formula_1_technical_regulations_issue_8_-_2024-06-24.pdf,112,1000,-0.42452624,0.005681092
fia_2026_formula_1_technical_regulations_issue_8_-_2024-06-24.pdf,113,1000,-0.178477,0.044933643
fia_2026_formula_1_technical_regulations_issue_8_-_2024-06-24.pdf,114,1000,-0.32113874,-0.04407975
fia_2026_formula_1_technical_regulations_issue_8_-_2024-06-24.pdf,115,1000,-0.40186173,0.047501698
fia_2026_formula_1_technical_regulations_issue_8_-_2024-06-24.pdf,116,1000,-0.25613117,0.18870454
fia_2026_formula_1_technical_regulations_issue_8_-_2024-06-24.pdf,117,1000,-0.4810059,0.07958576
fia_2026_formula_1_technical_regulations_issue_8_-_2024-06-24.pdf,118,1000,-0.36059391,0.0592027
fia_2026_formula_1_technical_regulations_issue_8_-_2024-06-24.pdf,119,1000,-0.33443326,0.007778264
fia_2026_formula_1_technical_regulations_issue_8_-_2024-06-24.pdf,120,999,-0.39514777,0.02984037
fia_2026_formula_1_technical_regulations_issue_8_-_2024-06-24.pdf,121,1000,-0.35807136,-0.057132207
fia_2026_formula_1_technical_regulations_issue_8_-_2024-06-24.pdf,122,997,-0.037948724,-0.12993169
fia_2026_formula_1_technical_regulations_issue_8_-_2024-06-24.pdf,123,1000,0.047826458,-0.14446828
fia_2026_formula_1_technical_regulations_issue_8_-_2024-06-24.pdf,124,1000,-0.053726155,-0.13084848
fia_2026_formula_1_technical_regulations_issue_8_-_2024-06-24.pdf,125,1000,-0.11414562,-0.07389383
fia_2026_formula_1_technical_regulations_issue_8_-_2024-06-24.pdf,126,1000,-0.03526641,-0.02074016
fia_2026_formula_1_technical_regulations_issue_8_-_2024-06-24.pdf,127,999,0.31843895,-0.28274196
fia_2026_formula_1_technical_regulations_issue_8_-_2024-06-24.pdf,128,1000,0.060779363,-0.3006918
fia_2026_formula_1_technical_regulations_issue_8_-_2024-06-24.pdf,129,999,0.10038373,-0.39247108
fia_2026_formula_1_technical_regulations_issue_8_-_2024-06-24.pdf,130,998,0.14649642,-0.11691055
fia_2026_formula_1_technical_regulations_issue_8_-_2024-06-24.pdf,131,1000,0.06032875,-0.16402172
fia_2026_formula_1_technical_regulations_issue_8_-_2024-06-24.pdf,132,1000,-0.010234022,-0.1335996
fia_2026_formula_1_technical_regulations_issue_8_-_2024-06-24.pdf,133,999,-0.06232439,0.05906585
fia_2026_formula_1_technical_regulations_issue_8_-_2024-06-24.pdf,134,999,0.013838061,0.23565145
fia_2026_formula_1_technical_regulations_issue_8_-_2024-06-24.pdf,135,1000,-0.010341628,-0.17707275
fia_2026_formula_1_technical_regulations_issue_8_-_2024-06-24.pdf,136,1000,0.048172235,-0.33820957
fia_2026_formula_1_technical_regulations_issue_8_-_2024-06-24.pdf,137,999,0.100310884,-0.36850724
fia_2026_formula_1_technical_regulations_issue_8_-_2024-06-24.pdf,138,1000,0.06708472,-0.43291023
fia_2026_formula_1_technical_regulations_issue_8_-_2024-06-24.pdf,139,1000,0.31585512,-0.40334082
fia_2026_formula_1_technical_regulations_issue_8_-_2024-06-24.pdf,140,1000,0.14790887,-0.443986
fia_2026_formula_1_technical_regulations_issue_8_-_2024-06-24.pdf,141,1000,0.0520298,-0.29369143
fia_2026_formula_1_technical_regulations_issue_8_-_2024-06-24.pdf,142,1000,-0.011870621,-0.18732023
fia_2026_formula_1_technical_regulations_issue_8_-_2024-06-24.pdf,143,999,0.17361967,-0.38361812
fia_2026_formula_1_technical_regulations_issue_8_-_2024-06-24.pdf,144,1000,0.15613757,-0.3428781
fia_2026_formula_1_technical_regulations_issue_8_-_2024-06-24.pdf,145,1000,0.042013034,-0.22683491
fia_2026_formula_1_technical_regulations_issue_8_-_2024-06-24.pdf,146,1000,-0.050386265,-0.016686715
fia_2026_formula_1_technical_regulations_issue_8_-_2024-06-24.pdf,147,999,-0.042265072,-0.033558015
fia_2026_formula_1_technical_regulations_issue_8_-_2024-06-24.pdf,148,998,0.0528091,-0.20167407
fia_2026_formula_1_technical_regulations_issue_8_-_2024-06-24.pdf,149,999,0.1787598,-0.2504935
fia_2026_formula_1_technical_regulations_issue_8_-_2024-06-24.pdf,150,999,0.11026085,-0.2713337
fia_2026_formula_1_technical_regulations_issue_8_-_2024-06-24.pdf,151,1000,0.15648758,-0.26821554
fia_2026_formula_1_technical_regulations_issue_8_-_2024-06-24.pdf,152,1000,0.18655255,-0.31941915
fia_2026_formula_1_technical_regulations_issue_8_-_2024-06-24.pdf,153,1000,0.08896686,-0.31516936
fia_2026_formula_1_technical_regulations_issue_8_-_2024-06-24.pdf,154,1000,0.109067015,-0.44860783
fia_2026_formula_1_technical_regulations_issue_8_-_2024-06-24.pdf,155,1000,0.1784319,-0.37413567
fia_2026_formula_1_technical_regulations_issue_8_-_2024-06-24.pdf,156,1000,0.11184336,-0.33823204
fia_2026_formula_1_technical_regulations_issue_8_-_2024-06-24.pdf,157,998,0.19585888,-0.27856484
fia_2026_formula_1_technical_regulations_issue_8_-_2024-06-24.pdf,158,1000,0.25018397,-0.3504899
fia_2026_formula_1_technical_regulations_issue_8_-_2024-06-24.pdf,159,1000,0.08186225,-0.3975946
fia_2026_formula_1_technical_regulations_issue_8_-_2024-06-24.pdf,160,998,0.08683888,-0.23403925
fia_2026_formula_1_technical_regulations_issue_8_-_2024-06-24.pdf,161,1000,0.35836658,-0.027248386
fia_2026_formula_1_technical_regulations_issue_8_-_2024-06-24.pdf,162,999,0.06536108,-0.1150103
fia_2026_formula_1_technical_regulations_issue_8_-_2024-06-24.pdf,163,1000,-0.110993996,-0.03477006
fia_2026_formula_1_technical_regulations_issue_8_-_2024-06-24.pdf,164,999,-0.058558594,-0.1118985
fia_2026_formula_1_technical_regulations_issue_8_-_2024-06-24.pdf,165,1000,-0.12491073,-0.120593086
fia_2026_formula_1_technical_regulations_issue_8_-_2024-06-24.pdf,166,1000,-0.1511356,-0.068344
fia_2026_formula_1_technical_regulations_issue_8_-_2024-06-24.pdf,167,1000,-0.14941068,-0.05315326
fia_2026_formula_1_technical_regulations_issue_8_-_2024-06-24.pdf,168,999,-0.21142825,-0.08345428
fia_2026_formula_1_technical_regulations_issue_8_-_2024-06-24.pdf,169,999,-0.062069606,-0.01675434
fia_2026_formula_1_technical_regulations_issue_8_-_2024-06-24.pdf,170,998,0.06709153,-0.095059626
fia_2026_formula_1_technical_regulations_issue_8_-_2024-06-24.pdf,171,999,-0.11441912,-0.046357647
fia_2026_formula_1_technical_regulations_issue_8_-_2024-06-24.pdf,172,1000,-0.14931662,-0.02728158
fia_2026_formula_1_technical_regulations_issue_8_-_2024-06-24.pdf,173,1000,0.021471167,-0.15912291
fia_2026_formula_1_technical_regulations_issue_8_-_2024-06-24.pdf,174,999,0.10475463,-0.19810198
fia_2026_formula_1_technical_regulations_issue_8_-_2024-06-24.pdf,175,1000,-0.07959773,-0.083484925
fia_2026_formula_1_technical_regulations_issue_8_-_2024-06-24.pdf,176,998,-0.059651725,-0.056368366
fia_2026_formula_1_technical_regulations_issue_8_-_2024-06-24.pdf,177,1000,0.037149727,-0.1340859
fia_2026_formula_1_technical_regulations_issue_8_-_2024-06-24.pdf,178,1000,0.14194733,-0.2885198
fia_2026_formula_1_technical_regulations_issue_8_-_2024-06-24.pdf,179,1000,0.20945539,-0.3896708
fia_2026_formula_1_technical_regulations_issue_8_-_2024-06-24.pdf,180,1000,0.09353437,-0.40452683
fia_2026_formula_1_technical_regulations_issue_8_-_2024-06-24.pdf,181,1000,0.10593016,-0.3363658
fia_2026_formula_1_technical_regulations_issue_8_-_2024-06-24.pdf,182,1000,0.18765241,-0.47519013
fia_2026_formula_1_technical_regulations_issue_8_-_2024-06-24.pdf,183,1000,0.040067665,-0.3218707
fia_2026_formula_1_technical_regulations_issue_8_-_2024-06-24.pdf,184,999,0.0892968,-0.26400006
fia_2026_formula_1_technical_regulations_issue_8_-_2024-06-24.pdf,185,1000,0.11674938,-0.28727096
fia_2026_formula_1_technical_regulations_issue_8_-_2024-06-24.pdf,186,1000,0.24114424,-0.29207078
fia_2026_formula_1_technical_regulations_issue_8_-_2024-06-24.pdf,187,1000,0.24844423,-0.36796433
fia_2026_formula_1_technical_regulations_issue_8_-_2024-06-24.pdf,188,1000,0.118466645,-0.28877616
fia_2026_formula_1_technical_regulations_issue_8_-_2024-06-24.pdf,189,999,0.24888726,-0.3332426
fia_2026_formula_1_technical_regulations_issue_8_-_2024-06-24.pdf,190,1000,0.16894878,-0.31567124
fia_2026_formula_1_technical_regulations_issue_8_-_2024-06-24.pdf,191,1000,0.014164427,-0.2953206
fia_2026_formula_1_technical_regulations_issue_8_-_2024-06-24.pdf,192,998,0.15447824,-0.4360576
fia_2026_formula_1_technical_regulations_issue_8_-_2024-06-24.pdf,193,1000,0.07632584,-0.35371214
fia_2026_formula_1_technical_regulations_issue_8_-_2024-06-24.pdf,194,1000,0.22608456,-0.25258356
fia_2026_formula_1_technical_regulations_issue_8_-_2024-06-24.pdf,195,999,0.2296827,-0.19237398
fia_2026_formula_1_technical_regulations_issue_8_-_2024-06-24.pdf,196,999,0.19987418,-0.32436764
fia_2026_formula_1_technical_regulations_issue_8_-_2024-06-24.pdf,197,999,0.15340254,-0.28432453
fia_2026_formula_1_technical_regulations_issue_8_-_2024-06-24.pdf,198,1000,0.17034449,-0.14321668
fia_2026_formula_1_technical_regulations_issue_8_-_2024-06-24.pdf,199,999,0.042501837,-0.3424007
fia_2026_formula_1_technical_regulations_issue_8_-_2024-06-24.pdf,200,1000,-0.008364904,-0.13439752
fia_2026_formula_1_technical_regulations_issue_8_-_2024-06-24.pdf,201,1000,0.045436345,-0.2223843
fia_2026_formula_1_technical_regulations_issue_8_-_2024-06-24.pdf,202,1000,0.24087629,0.034797393
fia_2026_formula_1_technical_regulations_issue_8_-_2024-06-24.pdf,203,1000,0.057317186,-0.31849122
fia_2026_formula_1_technical_regulations_issue_8_-_2024-06-24.pdf,204,999,0.07702343,-0.2749121
fia_2026_formula_1_technical_regulations_issue_8_-_2024-06-24.pdf,205,999,0.12798382,-0.27310827
fia_2026_formula_1_technical_regulations_issue_8_-_2024-06-24.pdf,206,1000,0.1223937,-0.27863213
fia_2026_formula_1_technical_regulations_issue_8_-_2024-06-24.pdf,207,999,0.011252664,-0.2624051
fia_2026_formula_1_technical_regulations_issue_8_-_2024-06-24.pdf,208,999,0.27117628,-0.15279166
fia_2026_formula_1_technical_regulations_issue_8_-_2024-06-24.pdf,209,1000,0.15333948,-0.2918932
fia_2026_formula_1_technical_regulations_issue_8_-_2024-06-24.pdf,210,1000,0.18363991,-0.16495714
fia_2026_formula_1_technical_regulations_issue_8_-_2024-06-24.pdf,211,999,0.1119643,-0.21924582
fia_2026_formula_1_technical_regulations_issue_8_-_2024-06-24.pdf,212,1000,0.15331125,-0.20792581
fia_2026_formula_1_technical_regulations_issue_8_-_2024-06-24.pdf,213,999,0.17763202,-0.19029886
fia_2026_formula_1_technical_regulations_issue_8_-_2024-06-24.pdf,214,999,0.15291868,-0.27106854
fia_2026_formula_1_technical_regulations_issue_8_-_2024-06-24.pdf,215,1000,0.034092087,-0.29701114
fia_2026_formula_1_technical_regulations_issue_8_-_2024-06-24.pdf,216,1000,0.14067878,-0.3463558
fia_2026_formula_1_technical_regulations_issue_8_-_2024-06-24.pdf,217,1000,0.111633755,-0.22469221
fia_2026_formula_1_technical_regulations_issue_8_-_2024-06-24.pdf,218,1000,0.3079159,-0.24552083
fia_2026_formula_1_technical_regulations_issue_8_-_2024-06-24.pdf,219,999,0.062366232,-0.10236271
fia_2026_formula_1_technical_regulations_issue_8_-_2024-06-24.pdf,220,1000,-0.091839045,-0.14284936
fia_2026_formula_1_technical_regulations_issue_8_-_2024-06-24.pdf,221,1000,-0.1623503,-0.2130897
fia_2026_formula_1_technical_regulations_issue_8_-_2024-06-24.pdf,222,1000,-0.013581922,-0.21823478
fia_2026_formula_1_technical_regulations_issue_8_-_2024-06-24.pdf,223,1000,0.07292293,-0.25127125
fia_2026_formula_1_technical_regulations_issue_8_-_2024-06-24.pdf,224,1000,0.2268394,-0.26950932
fia_2026_formula_1_technical_regulations_issue_8_-_2024-06-24.pdf,225,1000,0.1482806,-0.28963494
fia_2026_formula_1_technical_regulations_issue_8_-_2024-06-24.pdf,226,1000,0.16567644,-0.25874674
fia_2026_formula_1_technical_regulations_issue_8_-_2024-06-24.pdf,227,999,0.054489844,-0.2325944
fia_2026_formula_1_technical_regulations_issue_8_-_2024-06-24.pdf,228,1000,0.063843146,-0.2537096
fia_2026_formula_1_technical_regulations_issue_8_-_2024-06-24.pdf,229,999,0.033061836,-0.23092304
fia_2026_formula_1_technical_regulations_issue_8_-_2024-06-24.pdf,230,1000,0.03169529,-0.22179182
fia_2026_formula_1_technical_regulations_issue_8_-_2024-06-24.pdf,231,1000,-0.013713644,-0.053302627
fia_2026_formula_1_technical_regulations_issue_8_-_2024-06-24.pdf,232,1000,-0.13555102,0.0076865233
fia_2026_formula_1_technical_regulations_issue_8_-_2024-06-24.pdf,233,999,-0.19971362,0.011694126
fia_2026_formula_1_technical_regulations_issue_8_-_2024-06-24.pdf,234,1000,0.07308263,-0.25799176
fia_2026_formula_1_technical_regulations_issue_8_-_2024-06-24.pdf,235,1000,0.29940927,-0.24946564
fia_2026_formula_1_technical_regulations_issue_8_-_2024-06-24.pdf,236,1000,0.30031204,-0.054085627
fia_2026_formula_1_technical_regulations_issue_8_-_2024-06-24.pdf,237,999,0.3620073,-0.08471447
fia_2026_formula_1_technical_regulations_issue_8_-_2024-06-24.pdf,238,1000,0.3620955,-0.13729812
fia_2026_formula_1_technical_regulations_issue_8_-_2024-06-24.pdf,239,998,0.31541178,-0.2542648
fia_2026_formula_1_technical_regulations_issue_8_-_2024-06-24.pdf,240,1000,0.27288967,-0.21845627
fia_2026_formula_1_technical_regulations_issue_8_-_2024-06-24.pdf,241,1000,0.23078895,-0.37538353
fia_2026_formula_1_technical_regulations_issue_8_-_2024-06-24.pdf,242,999,0.32338947,-0.2266194
fia_2026_formula_1_technical_regulations_issue_8_-_2024-06-24.pdf,243,999,0.31346187,-0.2997522
fia_2026_formula_1_technical_regulations_issue_8_-_2024-06-24.pdf,244,1000,0.36825147,-0.22613469
fia_2026_formula_1_technical_regulations_issue_8_-_2024-06-24.pdf,245,1000,0.26713988,-0.19932128
fia_2026_formula_1_technical_regulations_issue_8_-_2024-06-24.pdf,246,999,0.183596,-0.36282477
fia_2026_formula_1_technical_regulations_issue_8_-_2024-06-24.pdf,247,1000,0.15216826,-0.30075395
fia_2026_formula_1_technical_regulations_issue_8_-_2024-06-24.pdf,248,1000,0.29166052,-0.13494599
fia_2026_formula_1_technical_regulations_issue_8_-_2024-06-24.pdf,249,1000,-0.2354759,-0.0012449257
fia_2026_formula_1_technical_regulations_issue_8_-_2024-06-24.pdf,250,1000,0.15764026,-0.3029694
fia_2026_formula_1_technical_regulations_issue_8_-_2024-06-24.pdf,251,1000,-0.16746937,-0.13324988
fia_2026_formula_1_technical_regulations_issue_8_-_2024-06-24.pdf,252,1000,0.1284024,-0.13541636
fia_2026_formula_1_technical_regulations_issue_8_-_2024-06-24.pdf,253,999,0.22970994,-0.081310555
fia_2026_formula_1_technical_regulations_issue_8_-_2024-06-24.pdf,254,1000,0.09094939,-0.14328125
fia_2026_formula_1_technical_regulations_issue_8_-_2024-06-24.pdf,255,1000,0.07377159,-0.32116392
fia_2026_formula_1_technical_regulations_issue_8_-_2024-06-24.pdf,256,1000,-0.08045591,-0.037793525
fia_2026_formula_1_technical_regulations_issue_8_-_2024-06-24.pdf,257,1000,0.16643289,-0.11350215
fia_2026_formula_1_technical_regulations_issue_8_-_2024-06-24.pdf,258,1000,0.027654037,-0.047267914
fia_2026_formula_1_technical_regulations_issue_8_-_2024-06-24.pdf,259,998,0.015010137,-0.02435007
fia_2026_formula_1_technical_regulations_issue_8_-_2024-06-24.pdf,260,1000,-0.17275089,-0.12881272
fia_2026_formula_1_technical_regulations_issue_8_-_2024-06-24.pdf,261,999,-0.1822981,-0.054767262
fia_2026_formula_1_technical_regulations_issue_8_-_2024-06-24.pdf,262,1000,-0.31075963,0.0153976185
fia_2026_formula_1_technical_regulations_issue_8_-_2024-06-24.pdf,263,1000,-0.11860179,0.041168205
fia_2026_formula_1_technical_regulations_issue_8_-_2024-06-24.pdf,264,1000,0.14659669,-0.23114692
fia_2026_formula_1_technical_regulations_issue_8_-_2024-06-24.pdf,265,1000,0.07719058,-0.19935007
fia_2026_formula_1_technical_regulations_issue_8_-_2024-06-24.pdf,266,1000,0.14767769,-0.22026046
fia_2026_formula_1_technical_regulations_issue_8_-_2024-06-24.pdf,267,1000,0.07435109,-0.25485632
fia_2026_formula_1_technical_regulations_issue_8_-_2024-06-24.pdf,268,999,0.072102696,-0.16494036
fia_2026_formula_1_technical_regulations_issue_8_-_2024-06-24.pdf,269,1000,-0.18483281,-0.18802203
fia_2026_formula_1_technical_regulations_issue_8_-_2024-06-24.pdf,270,999,-0.11417725,-0.13705869
fia_2026_formula_1_technical_regulations_issue_8_-_2024-06-24.pdf,271,999,-0.18210854,-0.15086797
fia_2026_formula_1_technical_regulations_issue_8_-_2024-06-24.pdf,272,999,-0.19996268,-0.19894305
fia_2026_formula_1_technical_regulations_issue_8_-_2024-06-24.pdf,273,999,0.14468136,-0.39158714
fia_2026_formula_1_technical_regulations_issue_8_-_2024-06-24.pdf,274,1000,0.084003136,-0.34207422
fia_2026_formula_1_technical_regulations_issue_8_-_2024-06-24.pdf,275,1000,0.13192132,-0.3859473
fia_2026_formula_1_technical_regulations_issue_8_-_2024-06-24.pdf,276,1000,-0.026058188,-0.22245273
fia_2026_formula_1_technical_regulations_issue_8_-_2024-06-24.pdf,277,1000,0.2350605,0.10839639
fia_2026_formula_1_technical_regulations_issue_8_-_2024-06-24.pdf,278,1000,0.2972437,0.07375934
fia_2026_formula_1_technical_regulations_issue_8_-_2024-06-24.pdf,279,999,0.020736452,0.013215982
fia_2026_formula_1_technical_regulations_issue_8_-_2024-06-24.pdf,280,999,-0.12365866,-0.046452776
fia_2026_formula_1_technical_regulations_issue_8_-_2024-06-24.pdf,281,1000,0.21323572,-0.009981372
fia_2026_formula_1_technical_regulations_issue_8_-_2024-06-24.pdf,282,999,-0.11095662,-0.050121788
fia_2026_formula_1_technical_regulations_issue_8_-_2024-06-24.pdf,283,1000,0.099716745,-0.19973649
fia_2026_formula_1_technical_regulations_issue_8_-_2024-06-24.pdf,284,1000,0.084314294,-0.12808016
fia_2026_formula_1_technical_regulations_issue_8_-_2024-06-24.pdf,285,1000,0.0648344,-0.16225685
fia_2026_formula_1_technical_regulations_issue_8_-_2024-06-24.pdf,286,1000,-0.04704435,-0.299614
fia_2026_formula_1_technical_regulations_issue_8_-_2024-06-24.pdf,287,1000,-0.04593409,-0.25935343
fia_2026_formula_1_technical_regulations_issue_8_-_2024-06-24.pdf,288,1000,-0.14264566,0.033684168
fia_2026_formula_1_technical_regulations_issue_8_-_2024-06-24.pdf,289,1000,-0.2202673,-0.07202263
fia_2026_formula_1_technical_regulations_issue_8_-_2024-06-24.pdf,290,1000,-0.15503938,-0.11333824
fia_2026_formula_1_technical_regulations_issue_8_-_2024-06-24.pdf,291,1000,-0.15481676,-0.20414664
fia_2026_formula_1_technical_regulations_issue_8_-_2024-06-24.pdf,292,1000,-0.33562386,-0.07609097
fia_2026_formula_1_technical_regulations_issue_8_-_2024-06-24.pdf,293,1000,-0.035647683,-0.19547355
fia_2026_formula_1_technical_regulations_issue_8_-_2024-06-24.pdf,294,999,-0.23116516,-0.08833083
fia_2026_formula_1_technical_regulations_issue_8_-_2024-06-24.pdf,295,999,-0.2919528,0.046865277
fia_2026_formula_1_technical_regulations_issue_8_-_2024-06-24.pdf,296,1000,-0.33587134,0.06311276
fia_2026_formula_1_technical_regulations_issue_8_-_2024-06-24.pdf,297,999,-0.39876077,0.11561907
fia_2026_formula_1_technical_regulations_issue_8_-_2024-06-24.pdf,298,1000,-0.3032306,-0.06918101
fia_2026_formula_1_technical_regulations_issue_8_-_2024-06-24.pdf,299,1000,-0.34314066,-0.022988526
fia_2026_formula_1_technical_regulations_issue_8_-_2024-06-24.pdf,300,999,-0.29428586,-0.11151671
fia_2026_formula_1_technical_regulations_issue_8_-_2024-06-24.pdf,301,1000,-0.28518596,-0.055370897
fia_2026_formula_1_technical_regulations_issue_8_-_2024-06-24.pdf,302,1000,-0.1569609,-0.12797375
fia_2026_formula_1_technical_regulations_issue_8_-_2024-06-24.pdf,303,1000,-0.06802247,-0.16049021
fia_2026_formula_1_technical_regulations_issue_8_-_2024-06-24.pdf,304,1000,-0.17670216,-0.15623702
fia_2026_formula_1_technical_regulations_issue_8_-_2024-06-24.pdf,305,999,-0.15134507,-0.167382
fia_2026_formula_1_technical_regulations_issue_8_-_2024-06-24.pdf,306,1000,-0.24720709,-0.07597556
fia_2026_formula_1_technical_regulations_issue_8_-_2024-06-24.pdf,307,1000,-0.2740317,0.03038091
fia_2026_formula_1_technical_regulations_issue_8_-_2024-06-24.pdf,308,999,-0.30295867,-0.015185084
fia_2026_formula_1_technical_regulations_issue_8_-_2024-06-24.pdf,309,1000,-0.25123668,-0.048242483
fia_2026_formula_1_technical_regulations_issue_8_-_2024-06-24.pdf,310,1000,-0.13956517,-0.09329808
fia_2026_formula_1_technical_regulations_issue_8_-_2024-06-24.pdf,311,1000,-0.031008229,-0.16691452
fia_2026_formula_1_technical_regulations_issue_8_-_2024-06-24.pdf,312,999,0.06877888,-0.20550889
fia_2026_formula_1_technical_regulations_issue_8_-_2024-06-24.pdf,313,1000,0.060945,0.024029002
fia_2026_formula_1_technical_regulations_issue_8_-_2024-06-24.pdf,314,1000,0.08154825,0.0025401858
fia_2026_formula_1_technical_regulations_issue_8_-_2024-06-24.pdf,315,999,0.0165285,-0.2235511
fia_2026_formula_1_technical_regulations_issue_8_-_2024-06-24.pdf,316,1000,0.09881406,-0.35778004
fia_2026_formula_1_technical_regulations_issue_8_-_2024-06-24.pdf,317,1000,0.15389624,-0.12771307
fia_2026_formula_1_technical_regulations_issue_8_-_2024-06-24.pdf,318,1000,0.025538359,-0.37054062
fia_2026_formula_1_technical_regulations_issue_8_-_2024-06-24.pdf,319,1000,-0.14812851,-0.11076932
fia_2026_formula_1_technical_regulations_issue_8_-_2024-06-24.pdf,320,1000,-0.1327816,-0.20527251
fia_2026_formula_1_technical_regulations_issue_8_-_2024-06-24.pdf,321,1000,0.012020257,-0.295787
fia_2026_formula_1_technical_regulations_issue_8_-_2024-06-24.pdf,322,999,-0.069766566,-0.19473505
fia_2026_formula_1_technical_regulations_issue_8_-_2024-06-24.pdf,323,999,-0.12569487,-0.11541968
fia_2026_formula_1_technical_regulations_issue_8_-_2024-06-24.pdf,324,1000,-0.1702769,-0.10862758
fia_2026_formula_1_technical_regulations_issue_8_-_2024-06-24.pdf,325,998,-0.018633606,-0.36261904
fia_2026_formula_1_technical_regulations_issue_8_-_2024-06-24.pdf,326,1000,-0.119214505,-0.23452665
fia_2026_formula_1_technical_regulations_issue_8_-_2024-06-24.pdf,327,999,-0.15354167,-0.01860288
fia_2026_formula_1_technical_regulations_issue_8_-_2024-06-24.pdf,328,1000,-0.3210116,-0.03860116
fia_2026_formula_1_technical_regulations_issue_8_-_2024-06-24.pdf,329,999,-0.4190633,0.0769995
fia_2026_formula_1_technical_regulations_issue_8_-_2024-06-24.pdf,330,1000,-0.5442663,0.16940036
fia_2026_formula_1_technical_regulations_issue_8_-_2024-06-24.pdf,331,1000,-0.47033328,0.11704227
fia_2026_formula_1_technical_regulations_issue_8_-_2024-06-24.pdf,332,1000,-0.15184122,-0.016018942
fia_2026_formula_1_technical_regulations_issue_8_-_2024-06-24.pdf,333,1000,-0.25693566,0.027344441
fia_2026_formula_1_technical_regulations_issue_8_-_2024-06-24.pdf,334,999,-0.24446441,0.12695625
fia_2026_formula_1_technical_regulations_issue_8_-_2024-06-24.pdf,335,1000,-0.27013552,-0.018125286
fia_2026_formula_1_technical_regulations_issue_8_-_2024-06-24.pdf,336,1000,-0.27404767,-0.15345228
fia_2026_formula_1_technical_regulations_issue_8_-_2024-06-24.pdf,337,999,-0.12424609,-0.10637262
fia_2026_formula_1_technical_regulations_issue_8_-_2024-06-24.pdf,338,999,-0.23058127,-0.054978352
fia_2026_formula_1_technical_regulations_issue_8_-_2024-06-24.pdf,339,999,-0.2924184,0.23082195
fia_2026_formula_1_technical_regulations_issue_8_-_2024-06-24.pdf,340,1000,-0.30419114,0.033623077
fia_2026_formula_1_technical_regulations_issue_8_-_2024-06-24.pdf,341,1000,-0.33606145,-0.099057555
fia_2026_formula_1_technical_regulations_issue_8_-_2024-06-24.pdf,342,998,-0.22693734,-0.0102379685
fia_2026_formula_1_technical_regulations_issue_8_-_2024-06-24.pdf,343,1000,-0.40942907,0.18578747
fia_2026_formula_1_technical_regulations_issue_8_-_2024-06-24.pdf,344,1000,-0.35434115,0.07332281
fia_2026_formula_1_technical_regulations_issue_8_-_2024-06-24.pdf,345,1000,-0.26757678,0.008452881
fia_2026_formula_1_technical_regulations_issue_8_-_2024-06-24.pdf,346,1000,-0.18148881,-0.027564984
fia_2026_formula_1_technical_regulations_issue_8_-_2024-06-24.pdf,347,1000,-0.20128094,-0.11262869
fia_2026_formula_1_technical_regulations_issue_8_-_2024-06-24.pdf,348,1000,-0.32974732,-0.044440273
fia_2026_formula_1_technical_regulations_issue_8_-_2024-06-24.pdf,349,1000,-0.12805496,-0.018587934
fia_2026_formula_1_technical_regulations_issue_8_-_2024-06-24.pdf,350,1000,-0.036761206,-0.244575
fia_2026_formula_1_technical_regulations_issue_8_-_2024-06-24.pdf,351,1000,-0.27806365,-0.0014434604
fia_2026_formula_1_technical_regulations_issue_8_-_2024-06-24.pdf,352,1000,-0.15284605,-0.0025643273
fia_2026_formula_1_technical_regulations_issue_8_-_2024-06-24.pdf,353,1000,-0.27833498,0.0819473
fia_2026_formula_1_technical_regulations_issue_8_-_2024-06-24.pdf,354,1000,-0.52152693,0.088062845
fia_2026_formula_1_technical_regulations_issue_8_-_2024-06-24.pdf,355,1000,-0.26262483,0.05175354
fia_2026_formula_1_technical_regulations_issue_8_-_2024-06-24.pdf,356,999,-0.26841813,0.05394269
fia_2026_formula_1_technical_regulations_issue_8_-_2024-06-24.pdf,357,1000,-0.26701698,0.13609564
fia_2026_formula_1_technical_regulations_issue_8_-_2024-06-24.pdf,358,1000,-0.04051756,-0.11541069
fia_2026_formula_1_technical_regulations_issue_8_-_2024-06-24.pdf,359,1000,0.08650544,0.05879858
fia_2026_formula_1_technical_regulations_issue_8_-_2024-06-24.pdf,360,1000,0.0763232,-0.0145933805
fia_2026_formula_1_technical_regulations_issue_8_-_2024-06-24.pdf,361,999,-0.4058654,-0.0035070959
fia_2026_formula_1_technical_regulations_issue_8_-_2024-06-24.pdf,362,999,-0.09396166,-0.20346345
fia_2026_formula_1_technical_regulations_issue_8_-_2024-06-24.pdf,363,1000,-0.1754246,-0.10843786
fia_2026_formula_1_technical_regulations_issue_8_-_2024-06-24.pdf,364,1000,-0.19220313,-0.122044995
fia_2026_formula_1_technical_regulations_issue_8_-_2024-06-24.pdf,365,999,-0.2352901,-0.04984713
fia_2026_formula_1_technical_regulations_issue_8_-_2024-06-24.pdf,366,1000,-0.31145546,-0.10193876
fia_2026_formula_1_technical_regulations_issue_8_-_2024-06-24.pdf,367,999,-0.4008028,-0.051304407
fia_2026_formula_1_technical_regulations_issue_8_-_2024-06-24.pdf,368,1000,-0.32389775,-0.15312058
fia_2026_formula_1_technical_regulations_issue_8_-_2024-06-24.pdf,369,1000,-0.37842897,-0.056313038
fia_2026_formula_1_technical_regulations_issue_8_-_2024-06-24.pdf,370,1000,-0.33428735,0.0028590604
fia_2026_formula_1_technical_regulations_issue_8_-_2024-06-24.pdf,371,999,-0.36893478,-0.045787152
fia_2026_formula_1_technical_regulations_issue_8_-_2024-06-24.pdf,372,999,-0.32512546,-0.032121465
fia_2026_formula_1_technical_regulations_issue_8_-_2024-06-24.pdf,373,1000,-0.33205128,-0.0761506
fia_2026_formula_1_technical_regulations_issue_8_-_2024-06-24.pdf,374,1000,-0.2510328,-0.037789103
fia_2026_formula_1_technical_regulations_issue_8_-_2024-06-24.pdf,375,999,-0.37611964,-0.09351308
fia_2026_formula_1_technical_regulations_issue_8_-_2024-06-24.pdf,376,998,-0.46176413,-0.09713832
fia_2026_formula_1_technical_regulations_issue_8_-_2024-06-24.pdf,377,1000,-0.30891174,-0.157315
fia_2026_formula_1_technical_regulations_issue_8_-_2024-06-24.pdf,378,1000,-0.43537906,-0.007876304
fia_2026_formula_1_technical_regulations_issue_8_-_2024-06-24.pdf,379,999,-0.4857232,-0.023337338
fia_2026_formula_1_technical_regulations_issue_8_-_2024-06-24.pdf,380,999,-0.3797456,-0.07518969
fia_2026_formula_1_technical_regulations_issue_8_-_2024-06-24.pdf,381,999,-0.3036535,-0.059341855
fia_2026_formula_1_technical_regulations_issue_8_-_2024-06-24.pdf,382,1000,-0.33929956,-0.11618105
fia_2026_formula_1_technical_regulations_issue_8_-_2024-06-24.pdf,383,1000,-0.27508512,-0.0549375
fia_2026_formula_1_technical_regulations_issue_8_-_2024-06-24.pdf,384,1000,-0.3040661,-0.12430345
fia_2026_formula_1_technical_regulations_issue_8_-_2024-06-24.pdf,385,1000,-0.34710157,-0.11960829
fia_2026_formula_1_technical_regulations_issue_8_-_2024-06-24.pdf,386,999,-0.378201,-0.06157897
fia_2026_formula_1_technical_regulations_issue_8_-_2024-06-24.pdf,387,1000,-0.28103873,0.018777976
fia_2026_formula_1_technical_regulations_issue_8_-_2024-06-24.pdf,388,1000,-0.40413865,0.048245866
fia_2026_formula_1_technical_regulations_issue_8_-_2024-06-24.pdf,389,998,-0.3785256,0.07461512
fia_2026_formula_1_technical_regulations_issue_8_-_2024-06-24.pdf,390,999,-0.4613428,0.20318447
fia_2026_formula_1_technical_regulations_issue_8_-_2024-06-24.pdf,391,1000,-0.37903753,0.22046845
fia_2026_formula_1_technical_regulations_issue_8_-_2024-06-24.pdf,392,1000,-0.07711443,-0.10695945
fia_2026_formula_1_technical_regulations_issue_8_-_2024-06-24.pdf,393,1000,-0.24096109,-0.018941302
fia_2026_formula_1_technical_regulations_issue_8_-_2024-06-24.pdf,394,1000,-0.40383914,0.16031468
fia_2026_formula_1_technical_regulations_issue_8_-_2024-06-24.pdf,395,1000,-0.37050158,0.10655672
fia_2026_formula_1_technical_regulations_issue_8_-_2024-06-24.pdf,396,1000,-0.22972369,-0.037411217
fia_2026_formula_1_technical_regulations_issue_8_-_2024-06-24.pdf,397,1000,-0.3270738,-0.015538306
fia_2026_formula_1_technical_regulations_issue_8_-_2024-06-24.pdf,398,999,-0.23926312,-0.02663088
fia_2026_formula_1_technical_regulations_issue_8_-_2024-06-24.pdf,399,1000,-0.29146823,0.017112412
fia_2026_formula_1_technical_regulations_issue_8_-_2024-06-24.pdf,400,1000,-0.42668343,0.105648465
fia_2026_formula_1_technical_regulations_issue_8_-_2024-06-24.pdf,401,1000,-0.5605021,0.20729709
fia_2026_formula_1_technical_regulations_issue_8_-_2024-06-24.pdf,402,1000,-0.3766647,0.12619115
fia_2026_formula_1_technical_regulations_issue_8_-_2024-06-24.pdf,403,1000,-0.3104096,0.038468007
fia_2026_formula_1_technical_regulations_issue_8_-_2024-06-24.pdf,404,999,-0.41156748,0.089009136
fia_2026_formula_1_technical_regulations_issue_8_-_2024-06-24.pdf,405,998,-0.3993186,0.011544944
fia_2026_formula_1_technical_regulations_issue_8_-_2024-06-24.pdf,406,999,-0.2967357,-0.091905944
fia_2026_formula_1_technical_regulations_issue_8_-_2024-06-24.pdf,407,1000,-0.28214395,-0.05813923
fia_2026_formula_1_technical_regulations_issue_8_-_2024-06-24.pdf,408,1000,-0.26288006,-0.035360076
fia_2026_formula_1_technical_regulations_issue_8_-_2024-06-24.pdf,409,1000,-0.2657047,0.017320286
fia_2026_formula_1_technical_regulations_issue_8_-_2024-06-24.pdf,410,1000,-0.46921962,0.19871584
fia_2026_formula_1_technical_regulations_issue_8_-_2024-06-24.pdf,411,1000,-0.08583613,0.0017161854
fia_2026_formula_1_technical_regulations_issue_8_-_2024-06-24.pdf,412,1000,-0.27413934,-0.022315336
fia_2026_formula_1_technical_regulations_issue_8_-_2024-06-24.pdf,413,1000,-0.22926322,0.025333483
fia_2026_formula_1_technical_regulations_issue_8_-_2024-06-24.pdf,414,1000,-0.2943429,-0.060418934
fia_2026_formula_1_technical_regulations_issue_8_-_2024-06-24.pdf,415,1000,-0.26754856,-0.03194846
fia_2026_formula_1_technical_regulations_issue_8_-_2024-06-24.pdf,416,1000,-0.3339518,-0.0008604438
fia_2026_formula_1_technical_regulations_issue_8_-_2024-06-24.pdf,417,1000,-0.27147594,-0.066803135
fia_2026_formula_1_technical_regulations_issue_8_-_2024-06-24.pdf,418,1000,-0.33712193,-0.015520404
fia_2026_formula_1_technical_regulations_issue_8_-_2024-06-24.pdf,419,998,-0.23539707,-0.033609238
fia_2026_formula_1_technical_regulations_issue_8_-_2024-06-24.pdf,420,1000,0.053316917,-0.2559538
fia_2026_formula_1_technical_regulations_issue_8_-_2024-06-24.pdf,421,1000,0.113367915,-0.37177926
fia_2026_formula_1_technical_regulations_issue_8_-_2024-06-24.pdf,422,1000,-0.32585776,0.035506256
fia_2026_formula_1_technical_regulations_issue_8_-_2024-06-24.pdf,423,1000,-0.31279448,0.1955277
fia_2026_formula_1_technical_regulations_issue_8_-_2024-06-24.pdf,424,999,-0.17621544,0.07622817
fia_2026_formula_1_technical_regulations_issue_8_-_2024-06-24.pdf,425,1000,-0.17561194,-0.038209166
fia_2026_formula_1_technical_regulations_issue_8_-_2024-06-24.pdf,426,1000,-0.13527912,-0.084086426
fia_2026_formula_1_technical_regulations_issue_8_-_2024-06-24.pdf,427,1000,-0.2089134,-0.003200824
fia_2026_formula_1_technical_regulations_issue_8_-_2024-06-24.pdf,428,1000,-0.1544034,-0.114935406
fia_2026_formula_1_technical_regulations_issue_8_-_2024-06-24.pdf,429,1000,0.15752837,-0.1897305
fia_2026_formula_1_technical_regulations_issue_8_-_2024-06-24.pdf,430,999,0.047987532,-0.009099989
fia_2026_formula_1_technical_regulations_issue_8_-_2024-06-24.pdf,431,1000,-0.016793815,0.10154141
fia_2026_formula_1_technical_regulations_issue_8_-_2024-06-24.pdf,432,1000,-0.11156737,0.13075012
fia_2026_formula_1_technical_regulations_issue_8_-_2024-06-24.pdf,433,1000,-0.088676676,0.048645094
fia_2026_formula_1_technical_regulations_issue_8_-_2024-06-24.pdf,434,1000,-0.068359576,0.061490167
fia_2026_formula_1_technical_regulations_issue_8_-_2024-06-24.pdf,435,999,-0.047205217,0.06785783
fia_2026_formula_1_technical_regulations_issue_8_-_2024-06-24.pdf,436,999,0.09474873,0.02401999
fia_2026_formula_1_technical_regulations_issue_8_-_2024-06-24.pdf,437,1000,0.32801628,0.25766188
fia_2026_formula_1_technical_regulations_issue_8_-_2024-06-24.pdf,438,1000,0.43790865,0.12808722
fia_2026_formula_1_technical_regulations_issue_8_-_2024-06-24.pdf,439,1000,0.0831391,0.0785244
fia_2026_formula_1_technical_regulations_issue_8_-_2024-06-24.pdf,440,999,-0.0844585,-0.030189298
fia_2026_formula_1_technical_regulations_issue_8_-_2024-06-24.pdf,441,999,-0.011228926,0.024245277
fia_2026_formula_1_technical_regulations_issue_8_-_2024-06-24.pdf,442,1000,-0.10718809,0.04817995
fia_2026_formula_1_technical_regulations_issue_8_-_2024-06-24.pdf,443,999,-0.14743355,0.151594
fia_2026_formula_1_technical_regulations_issue_8_-_2024-06-24.pdf,444,1000,0.0079062525,0.033219554
fia_2026_formula_1_technical_regulations_issue_8_-_2024-06-24.pdf,445,1000,-0.041132614,0.16964522
fia_2026_formula_1_technical_regulations_issue_8_-_2024-06-24.pdf,446,998,0.1337286,-0.023420945
fia_2026_formula_1_technical_regulations_issue_8_-_2024-06-24.pdf,447,1000,0.07382054,0.004145291
fia_2026_formula_1_technical_regulations_issue_8_-_2024-06-24.pdf,448,998,-0.024218818,0.16599855
fia_2026_formula_1_technical_regulations_issue_8_-_2024-06-24.pdf,449,1000,-0.11419037,0.12939376
fia_2026_formula_1_technical_regulations_issue_8_-_2024-06-24.pdf,450,1000,-0.27202365,0.049050253
fia_2026_formula_1_technical_regulations_issue_8_-_2024-06-24.pdf,451,999,-0.022148618,-0.027992278
fia_2026_formula_1_technical_regulations_issue_8_-_2024-06-24.pdf,452,1000,-0.089314476,0.018804142
fia_2026_formula_1_technical_regulations_issue_8_-_2024-06-24.pdf,453,1000,-0.024149328,0.008442861
fia_2026_formula_1_technical_regulations_issue_8_-_2024-06-24.pdf,454,999,0.021409048,0.037399348
fia_2026_formula_1_technical_regulations_issue_8_-_2024-06-24.pdf,455,1000,0.034503087,-0.042439938
fia_2026_formula_1_technical_regulations_issue_8_-_2024-06-24.pdf,456,1000,0.047087602,0.020211827
fia_2026_formula_1_technical_regulations_issue_8_-_2024-06-24.pdf,457,1000,0.11330883,-0.02563557
fia_2026_formula_1_technical_regulations_issue_8_-_2024-06-24.pdf,458,1000,0.0883036,0.039246693
fia_2026_formula_1_technical_regulations_issue_8_-_2024-06-24.pdf,459,999,0.09105196,-0.12173862
fia_2026_formula_1_technical_regulations_issue_8_-_2024-06-24.pdf,460,1000,0.15487306,0.03201284
fia_2026_formula_1_technical_regulations_issue_8_-_2024-06-24.pdf,461,999,0.088708915,-0.026263138
fia_2026_formula_1_technical_regulations_issue_8_-_2024-06-24.pdf,462,999,-0.08694601,0.051039863
fia_2026_formula_1_technical_regulations_issue_8_-_2024-06-24.pdf,463,999,-0.025980165,0.07224749
fia_2026_formula_1_technical_regulations_issue_8_-_2024-06-24.pdf,464,999,0.054930836,-0.04883465
fia_2026_formula_1_technical_regulations_issue_8_-_2024-06-24.pdf,465,999,0.16892831,-0.091594785
fia_2026_formula_1_technical_regulations_issue_8_-_2024-06-24.pdf,466,1000,0.22204675,-0.14652647
fia_2026_formula_1_technical_regulations_issue_8_-_2024-06-24.pdf,467,998,0.22219,-0.10070602
fia_2026_formula_1_technical_regulations_issue_8_-_2024-06-24.pdf,468,1000,0.16235097,-0.17350383
fia_2026_formula_1_technical_regulations_issue_8_-_2024-06-24.pdf,469,1000,0.0097007435,-0.015181233
fia_2026_formula_1_technical_regulations_issue_8_-_2024-06-24.pdf,470,999,0.060623087,-0.06690785
fia_2026_formula_1_technical_regulations_issue_8_-_2024-06-24.pdf,471,999,0.23955885,-0.11468061
fia_2026_formula_1_technical_regulations_issue_8_-_2024-06-24.pdf,472,1000,0.14753056,-0.064431675
fia_2026_formula_1_technical_regulations_issue_8_-_2024-06-24.pdf,473,1000,0.13427682,0.008125193
fia_2026_formula_1_technical_regulations_issue_8_-_2024-06-24.pdf,474,1000,0.076024316,-0.07057367
fia_2026_formula_1_technical_regulations_issue_8_-_2024-06-24.pdf,475,1000,0.047285557,-0.18948884
fia_2026_formula_1_technical_regulations_issue_8_-_2024-06-24.pdf,476,1000,0.01228547,-0.086783595
fia_2026_formula_1_technical_regulations_issue_8_-_2024-06-24.pdf,477,1000,0.21339977,-0.014885211
fia_2026_formula_1_technical_regulations_issue_8_-_2024-06-24.pdf,478,1000,0.2553881,-0.05198436
fia_2026_formula_1_technical_regulations_issue_8_-_2024-06-24.pdf,479,998,0.107875034,-0.0071953116
fia_2026_formula_1_technical_regulations_issue_8_-_2024-06-24.pdf,480,1000,0.074428864,-0.056711037
fia_2026_formula_1_technical_regulations_issue_8_-_2024-06-24.pdf,481,1000,0.02155485,-0.015554658
fia_2026_formula_1_technical_regulations_issue_8_-_2024-06-24.pdf,482,999,0.008754874,0.087573305
fia_2026_formula_1_technical_regulations_issue_8_-_2024-06-24.pdf,483,998,0.018296843,-0.108544
fia_2026_formula_1_technical_regulations_issue_8_-_2024-06-24.pdf,484,1000,0.17542836,-0.08635305
fia_2026_formula_1_technical_regulations_issue_8_-_2024-06-24.pdf,485,1000,0.27846557,-0.03709411
fia_2026_formula_1_technical_regulations_issue_8_-_2024-06-24.pdf,486,999,0.2849551,-0.00221282
fia_2026_formula_1_technical_regulations_issue_8_-_2024-06-24.pdf,487,999,0.38462532,0.1815549
fia_2026_formula_1_technical_regulations_issue_8_-_2024-06-24.pdf,488,1000,0.28827044,0.31455612
fia_2026_formula_1_technical_regulations_issue_8_-_2024-06-24.pdf,489,1000,0.29697987,0.21948108
fia_2026_formula_1_technical_regulations_issue_8_-_2024-06-24.pdf,490,1000,0.28707957,0.013258881
fia_2026_formula_1_technical_regulations_issue_8_-_2024-06-24.pdf,491,1000,0.2755622,0.18467657
fia_2026_formula_1_technical_regulations_issue_8_-_2024-06-24.pdf,492,1000,0.372987,0.25617033
fia_2026_formula_1_technical_regulations_issue_8_-_2024-06-24.pdf,493,1000,0.39418125,0.14562821
fia_2026_formula_1_technical_regulations_issue_8_-_2024-06-24.pdf,494,1000,0.32422483,0.09287691
fia_2026_formula_1_technical_regulations_issue_8_-_2024-06-24.pdf,495,1000,0.3092144,0.2174307
fia_2026_formula_1_technical_regulations_issue_8_-_2024-06-24.pdf,496,1000,0.32849866,0.2440342
fia_2026_formula_1_technical_regulations_issue_8_-_2024-06-24.pdf,497,1000,0.010343915,0.17527768
fia_2026_formula_1_technical_regulations_issue_8_-_2024-06-24.pdf,498,1000,0.30757105,0.25800997
fia_2026_formula_1_technical_regulations_issue_8_-_2024-06-24.pdf,499,1000,0.39122784,0.22600852
fia_2026_formula_1_technical_regulations_issue_8_-_2024-06-24.pdf,500,1000,0.43228835,0.2601796
fia_2026_formula_1_technical_regulations_issue_8_-_2024-06-24.pdf,501,1000,0.31131384,0.17909707
fia_2026_formula_1_technical_regulations_issue_8_-_2024-06-24.pdf,502,999,0.36498973,0.21329704
fia_2026_formula_1_technical_regulations_issue_8_-_2024-06-24.pdf,503,999,0.43288043,0.21244463
fia_2026_formula_1_technical_regulations_issue_8_-_2024-06-24.pdf,504,999,0.39725506,0.1692727
fia_2026_formula_1_technical_regulations_issue_8_-_2024-06-24.pdf,505,1000,0.29688942,0.05522616
fia_2026_formula_1_technical_regulations_issue_8_-_2024-06-24.pdf,506,1000,0.35427362,0.14398241
fia_2026_formula_1_technical_regulations_issue_8_-_2024-06-24.pdf,507,1000,0.43066126,0.24763258
fia_2026_formula_1_technical_regulations_issue_8_-_2024-06-24.pdf,508,1000,0.39572242,0.2773064
fia_2026_formula_1_technical_regulations_issue_8_-_2024-06-24.pdf,509,1000,0.37283894,0.29110208
fia_2026_formula_1_technical_regulations_issue_8_-_2024-06-24.pdf,510,999,0.3587647,0.2870711
fia_2026_formula_1_technical_regulations_issue_8_-_2024-06-24.pdf,511,1000,0.28695482,0.30334103
fia_2026_formula_1_technical_regulations_issue_8_-_2024-06-24.pdf,512,999,0.32359,0.11387029
fia_2026_formula_1_technical_regulations_issue_8_-_2024-06-24.pdf,513,1000,0.33900663,0.20048909
fia_2026_formula_1_technical_regulations_issue_8_-_2024-06-24.pdf,514,998,0.33068326,0.27368462
fia_2026_formula_1_technical_regulations_issue_8_-_2024-06-24.pdf,515,999,0.30000183,0.31726143
fia_2026_formula_1_technical_regulations_issue_8_-_2024-06-24.pdf,516,999,0.4153716,0.24326345
fia_2026_formula_1_technical_regulations_issue_8_-_2024-06-24.pdf,517,1000,0.41514534,0.17352195
fia_2026_formula_1_technical_regulations_issue_8_-_2024-06-24.pdf,518,1000,0.32246834,0.16759257
fia_2026_formula_1_technical_regulations_issue_8_-_2024-06-24.pdf,519,1000,0.23749828,0.047430363
fia_2026_formula_1_technical_regulations_issue_8_-_2024-06-24.pdf,520,998,0.3822688,0.21253248
fia_2026_formula_1_technical_regulations_issue_8_-_2024-06-24.pdf,521,1000,0.36332595,0.19882864
fia_2026_formula_1_technical_regulations_issue_8_-_2024-06-24.pdf,522,1000,0.37631723,0.09993885
fia_2026_formula_1_technical_regulations_issue_8_-_2024-06-24.pdf,523,1000,0.23732144,0.20286334
fia_2026_formula_1_technical_regulations_issue_8_-_2024-06-24.pdf,524,1000,0.40282354,0.25753745
fia_2026_formula_1_technical_regulations_issue_8_-_2024-06-24.pdf,525,1000,0.42239702,0.20140259
fia_2026_formula_1_technical_regulations_issue_8_-_2024-06-24.pdf,526,1000,0.39867714,0.2085341
fia_2026_formula_1_technical_regulations_issue_8_-_2024-06-24.pdf,527,999,0.5388603,0.19669633
fia_2026_formula_1_technical_regulations_issue_8_-_2024-06-24.pdf,528,1000,0.4797406,0.05854531
fia_2026_formula_1_technical_regulations_issue_8_-_2024-06-24.pdf,529,1000,0.40600336,0.20121652
fia_2026_formula_1_technical_regulations_issue_8_-_2024-06-24.pdf,530,1000,0.50036824,0.2766807
fia_2026_formula_1_technical_regulations_issue_8_-_2024-06-24.pdf,531,1000,0.5050387,0.37153095
fia_2026_formula_1_technical_regulations_issue_8_-_2024-06-24.pdf,532,999,0.54164267,0.23843904
fia_2026_formula_1_technical_regulations_issue_8_-_2024-06-24.pdf,533,1000,0.56029385,0.21798947
fia_2026_formula_1_technical_regulations_issue_8_-_2024-06-24.pdf,534,999,0.45206213,0.18816677
fia_2026_formula_1_technical_regulations_issue_8_-_2024-06-24.pdf,535,1000,0.38407743,0.33887783
fia_2026_formula_1_technical_regulations_issue_8_-_2024-06-24.pdf,536,999,0.4241207,0.33525324
fia_2026_formula_1_technical_regulations_issue_8_-_2024-06-24.pdf,537,997,0.49432206,0.3212761
fia_2026_formula_1_technical_regulations_issue_8_-_2024-06-24.pdf,538,1000,0.40883252,0.3624435
fia_2026_formula_1_technical_regulations_issue_8_-_2024-06-24.pdf,539,1000,0.45280463,0.29398867
fia_2026_formula_1_technical_regulations_issue_8_-_2024-06-24.pdf,540,1000,0.59295166,0.116766214
fia_2026_formula_1_technical_regulations_issue_8_-_2024-06-24.pdf,541,999,0.5081423,0.21501982
fia_2026_formula_1_technical_regulations_issue_8_-_2024-06-24.pdf,542,1000,0.45037743,0.04783945
fia_2026_formula_1_technical_regulations_issue_8_-_2024-06-24.pdf,543,1000,0.5316796,0.17192279
fia_2026_formula_1_technical_regulations_issue_8_-_2024-06-24.pdf,544,999,0.53596216,0.1556738
fia_2026_formula_1_technical_regulations_issue_8_-_2024-06-24.pdf,545,1000,0.4589377,0.093128696
fia_2026_formula_1_technical_regulations_issue_8_-_2024-06-24.pdf,546,1000,0.4903422,0.2583715
fia_2026_formula_1_technical_regulations_issue_8_-_2024-06-24.pdf,547,999,0.4911805,0.19980118
fia_2026_formula_1_technical_regulations_issue_8_-_2024-06-24.pdf,548,1000,0.4559771,0.35585028
fia_2026_formula_1_technical_regulations_issue_8_-_2024-06-24.pdf,549,1000,0.5249783,0.24624224
fia_2026_formula_1_technical_regulations_issue_8_-_2024-06-24.pdf,550,1000,0.5155804,0.13907103
fia_2026_formula_1_technical_regulations_issue_8_-_2024-06-24.pdf,551,1000,0.48744422,0.052604504
fia_2026_formula_1_technical_regulations_issue_8_-_2024-06-24.pdf,552,998,0.50357026,0.1917142
fia_2026_formula_1_technical_regulations_issue_8_-_2024-06-24.pdf,553,1000,0.4508455,0.16489896
fia_2026_formula_1_technical_regulations_issue_8_-_2024-06-24.pdf,554,1000,0.43636325,0.1467133
fia_2026_formula_1_technical_regulations_issue_8_-_2024-06-24.pdf,555,1000,0.5197997,0.16721511
fia_2026_formula_1_technical_regulations_issue_8_-_2024-06-24.pdf,556,999,0.28803602,0.12969609
fia_2026_formula_1_technical_regulations_issue_8_-_2024-06-24.pdf,557,1000,-0.14544132,0.24990049
fia_2026_formula_1_technical_regulations_issue_8_-_2024-06-24.pdf,558,1000,-0.22932418,0.26392117
fia_2026_formula_1_technical_regulations_issue_8_-_2024-06-24.pdf,559,999,0.0140631385,0.262065
fia_2026_formula_1_technical_regulations_issue_8_-_2024-06-24.pdf,560,999,-0.27148536,0.018592037
fia_2026_formula_1_technical_regulations_issue_8_-_2024-06-24.pdf,561,1000,-0.35534272,-0.017575718
fia_2026_formula_1_technical_regulations_issue_8_-_2024-06-24.pdf,562,999,-0.52253354,0.19549584
fia_2026_formula_1_technical_regulations_issue_8_-_2024-06-24.pdf,563,1000,-0.51621324,0.28103688
fia_2026_formula_1_technical_regulations_issue_8_-_2024-06-24.pdf,564,1000,-0.4471124,0.28291643
fia_2026_formula_1_technical_regulations_issue_8_-_2024-06-24.pdf,565,998,-0.42754313,0.28398812
fia_2026_formula_1_technical_regulations_issue_8_-_2024-06-24.pdf,566,999,-0.4520229,0.2936796
fia_2026_formula_1_technical_regulations_issue_8_-_2024-06-24.pdf,567,1000,-0.41268143,0.24303214
fia_2026_formula_1_technical_regulations_issue_8_-_2024-06-24.pdf,568,1000,-0.44440606,0.11237515
fia_2026_formula_1_technical_regulations_issue_8_-_2024-06-24.pdf,569,999,-0.5154918,0.25416535
fia_2026_formula_1_technical_regulations_issue_8_-_2024-06-24.pdf,570,1000,-0.49533284,0.24870905
fia_2026_formula_1_technical_regulations_issue_8_-_2024-06-24.pdf,571,1000,-0.42705768,0.24761741
fia_2026_formula_1_technical_regulations_issue_8_-_2024-06-24.pdf,572,1000,-0.49142575,0.188069
fia_2026_formula_1_technical_regulations_issue_8_-_2024-06-24.pdf,573,1000,-0.5368051,0.18949637
fia_2026_formula_1_technical_regulations_issue_8_-_2024-06-24.pdf,574,1000,-0.5231722,0.20040838
fia_2026_formula_1_technical_regulations_issue_8_-_2024-06-24.pdf,575,999,-0.38623595,0.10752915
fia_2026_formula_1_technical_regulations_issue_8_-_2024-06-24.pdf,576,999,-0.40492544,0.10051297
fia_2026_formula_1_technical_regulations_issue_8_-_2024-06-24.pdf,577,1000,-0.5278115,0.32355914
fia_2026_formula_1_technical_regulations_issue_8_-_2024-06-24.pdf,578,1000,-0.4370263,0.23227324
fia_2026_formula_1_technical_regulations_issue_8_-_2024-06-24.pdf,579,999,-0.5574518,0.30199698
fia_2026_formula_1_technical_regulations_issue_8_-_2024-06-24.pdf,580,1000,-0.5591941,0.2575984
fia_2026_formula_1_technical_regulations_issue_8_-_2024-06-24.pdf,581,999,-0.43737382,0.19458593
fia_2026_formula_1_technical_regulations_issue_8_-_2024-06-24.pdf,582,1000,-0.5231747,0.280568
fia_2026_formula_1_technical_regulations_issue_8_-_2024-06-24.pdf,583,999,-0.57703793,0.278333
fia_2026_formula_1_technical_regulations_issue_8_-_2024-06-24.pdf,584,999,-0.56254816,0.25764686
fia_2026_formula_1_technical_regulations_issue_8_-_2024-06-24.pdf,585,1000,-0.430229,0.20136222
fia_2026_formula_1_technical_regulations_issue_8_-_2024-06-24.pdf,586,1000,-0.54173315,0.14684102
fia_2026_formula_1_technical_regulations_issue_8_-_2024-06-24.pdf,587,1000,-0.4242907,0.12082935
fia_2026_formula_1_technical_regulations_issue_8_-_2024-06-24.pdf,588,1000,-0.48392943,0.24671175
fia_2026_formula_1_technical_regulations_issue_8_-_2024-06-24.pdf,589,1000,-0.5317715,0.31195253
fia_2026_formula_1_technical_regulations_issue_8_-_2024-06-24.pdf,590,1000,-0.5431206,0.2974315
fia_2026_formula_1_technical_regulations_issue_8_-_2024-06-24.pdf,591,999,-0.44764155,0.18508488
fia_2026_formula_1_technical_regulations_issue_8_-_2024-06-24.pdf,592,1000,-0.49638265,0.21195588
fia_2026_formula_1_technical_regulations_issue_8_-_2024-06-24.pdf,593,1000,-0.4546359,0.20913967
fia_2026_formula_1_technical_regulations_issue_8_-_2024-06-24.pdf,594,999,-0.33978364,0.07652027
fia_2026_formula_1_technical_regulations_issue_8_-_2024-06-24.pdf,595,999,-0.44189134,0.14108358
fia_2026_formula_1_technical_regulations_issue_8_-_2024-06-24.pdf,596,1000,-0.45142826,0.07900848
fia_2026_formula_1_technical_regulations_issue_8_-_2024-06-24.pdf,597,1000,-0.4165415,0.07148119
fia_2026_formula_1_technical_regulations_issue_8_-_2024-06-24.pdf,598,1000,0.09831558,-0.11687419
fia_2026_formula_1_technical_regulations_issue_8_-_2024-06-24.pdf,599,1000,0.33715934,-0.047270287
fia_2026_formula_1_technical_regulations_issue_8_-_2024-06-24.pdf,600,1000,0.18546161,0.08201646
fia_2026_formula_1_technical_regulations_issue_8_-_2024-06-24.pdf,601,1000,0.17579585,0.0034015742
fia_2026_formula_1_technical_regulations_issue_8_-_2024-06-24.pdf,602,1000,0.31562832,0.1408242
fia_2026_formula_1_technical_regulations_issue_8_-_2024-06-24.pdf,603,1000,0.41766044,0.10029907
fia_2026_formula_1_technical_regulations_issue_8_-_2024-06-24.pdf,604,1000,0.08588068,0.02198886
fia_2026_formula_1_technical_regulations_issue_8_-_2024-06-24.pdf,605,998,0.1072698,-0.039247993
fia_2026_formula_1_technical_regulations_issue_8_-_2024-06-24.pdf,606,1000,0.14046861,-0.2265004
fia_2026_formula_1_technical_regulations_issue_8_-_2024-06-24.pdf,607,999,0.25224683,-0.1374426
fia_2026_formula_1_technical_regulations_issue_8_-_2024-06-24.pdf,608,1000,0.2506464,-0.2637867
fia_2026_formula_1_technical_regulations_issue_8_-_2024-06-24.pdf,609,998,0.27732876,-0.21918425
fia_2026_formula_1_technical_regulations_issue_8_-_2024-06-24.pdf,610,999,0.19600478,-0.2571703
fia_2026_formula_1_technical_regulations_issue_8_-_2024-06-24.pdf,611,1000,0.17460036,-0.26852906
fia_2026_formula_1_technical_regulations_issue_8_-_2024-06-24.pdf,612,999,0.365447,-0.20916115
fia_2026_formula_1_technical_regulations_issue_8_-_2024-06-24.pdf,613,999,0.33355743,-0.31816578
fia_2026_formula_1_technical_regulations_issue_8_-_2024-06-24.pdf,614,1000,0.2491808,-0.30124417
fia_2026_formula_1_technical_regulations_issue_8_-_2024-06-24.pdf,615,999,0.23584633,-0.22783306
fia_2026_formula_1_technical_regulations_issue_8_-_2024-06-24.pdf,616,1000,0.18876772,-0.30004466
fia_2026_formula_1_technical_regulations_issue_8_-_2024-06-24.pdf,617,999,0.26883283,-0.24166557
fia_2026_formula_1_technical_regulations_issue_8_-_2024-06-24.pdf,618,999,0.26278177,-0.20353717
fia_2026_formula_1_technical_regulations_issue_8_-_2024-06-24.pdf,619,1000,0.20744522,-0.29124627
fia_2026_formula_1_technical_regulations_issue_8_-_2024-06-24.pdf,620,999,0.27025416,-0.020674562
fia_2026_formula_1_technical_regulations_issue_8_-_2024-06-24.pdf,621,1000,0.35170734,-0.015283388
fia_2026_formula_1_technical_regulations_issue_8_-_2024-06-24.pdf,622,1000,0.40598786,-0.055602018
fia_2026_formula_1_technical_regulations_issue_8_-_2024-06-24.pdf,623,1000,0.46215016,-0.00058791466
fia_2026_formula_1_technical_regulations_issue_8_-_2024-06-24.pdf,624,1000,0.35716736,0.06510027
fia_2026_formula_1_technical_regulations_issue_8_-_2024-06-24.pdf,625,999,0.43445602,0.042607486
fia_2026_formula_1_technical_regulations_issue_8_-_2024-06-24.pdf,626,1000,0.51123637,0.20599513
fia_2026_formula_1_technical_regulations_issue_8_-_2024-06-24.pdf,627,1000,0.43619838,0.016020281
fia_2026_formula_1_technical_regulations_issue_8_-_2024-06-24.pdf,628,998,0.29218018,0.015613368
fia_2026_formula_1_technical_regulations_issue_8_-_2024-06-24.pdf,629,1000,0.4902048,0.12424142
fia_2026_formula_1_technical_regulations_issue_8_-_2024-06-24.pdf,630,1000,0.37560385,-0.011435516
fia_2026_formula_1_technical_regulations_issue_8_-_2024-06-24.pdf,631,1000,0.1776452,-0.14204873
fia_2026_formula_1_technical_regulations_issue_8_-_2024-06-24.pdf,632,1000,0.24418268,0.07295458
fia_2026_formula_1_technical_regulations_issue_8_-_2024-06-24.pdf,633,1000,0.44350183,0.05506739
fia_2026_formula_1_technical_regulations_issue_8_-_2024-06-24.pdf,634,999,0.24514942,0.14370902
fia_2026_formula_1_technical_regulations_issue_8_-_2024-06-24.pdf,635,1000,0.4805526,0.11959223
fia_2026_formula_1_technical_regulations_issue_8_-_2024-06-24.pdf,636,1000,0.51196235,0.10829626
fia_2026_formula_1_technical_regulations_issue_8_-_2024-06-24.pdf,637,999,0.42146233,-0.028622303
fia_2026_formula_1_technical_regulations_issue_8_-_2024-06-24.pdf,638,1000,0.4423749,-0.035587456
fia_2026_formula_1_technical_regulations_issue_8_-_2024-06-24.pdf,639,1000,0.4468092,0.1065361
fia_2026_formula_1_technical_regulations_issue_8_-_2024-06-24.pdf,640,1000,0.50992125,0.020872086
fia_2026_formula_1_technical_regulations_issue_8_-_2024-06-24.pdf,641,1000,0.5451717,0.18195121
fia_2026_formula_1_technical_regulations_issue_8_-_2024-06-24.pdf,642,1000,0.47761866,0.20980872
fia_2026_formula_1_technical_regulations_issue_8_-_2024-06-24.pdf,643,999,0.5495111,0.29472005
fia_2026_formula_1_technical_regulations_issue_8_-_2024-06-24.pdf,644,1000,0.52047527,0.28032166
fia_2026_formula_1_technical_regulations_issue_8_-_2024-06-24.pdf,645,999,0.4120033,0.2800534
fia_2026_formula_1_technical_regulations_issue_8_-_2024-06-24.pdf,646,999,0.44885665,0.24201311
fia_2026_formula_1_technical_regulations_issue_8_-_2024-06-24.pdf,647,1000,0.5648238,0.3058579
fia_2026_formula_1_technical_regulations_issue_8_-_2024-06-24.pdf,648,1000,0.57828367,0.32901043
fia_2026_formula_1_technical_regulations_issue_8_-_2024-06-24.pdf,649,1000,0.54928803,0.373381
fia_2026_formula_1_technical_regulations_issue_8_-_2024-06-24.pdf,650,1000,0.4542424,0.30587304
fia_2026_formula_1_technical_regulations_issue_8_-_2024-06-24.pdf,651,999,0.5359527,0.39253315
fia_2026_formula_1_technical_regulations_issue_8_-_2024-06-24.pdf,652,999,0.48845506,0.34983182
fia_2026_formula_1_technical_regulations_issue_8_-_2024-06-24.pdf,653,998,0.5445295,0.34828937
fia_2026_formula_1_technical_regulations_issue_8_-_2024-06-24.pdf,654,1000,0.4918992,0.36110333
fia_2026_formula_1_technical_regulations_issue_8_-_2024-06-24.pdf,655,1000,0.52484655,0.3361822
fia_2026_formula_1_technical_regulations_issue_8_-_2024-06-24.pdf,656,1000,0.4444678,0.3141571
fia_2026_formula_1_technical_regulations_issue_8_-_2024-06-24.pdf,657,999,0.46473107,0.31120333
fia_2026_formula_1_technical_regulations_issue_8_-_2024-06-24.pdf,658,1000,0.5246621,0.31628847
fia_2026_formula_1_technical_regulations_issue_8_-_2024-06-24.pdf,659,1000,0.41736224,0.2957109
fia_2026_formula_1_technical_regulations_issue_8_-_2024-06-24.pdf,660,1000,0.47506645,0.37055188
fia_2026_formula_1_technical_regulations_issue_8_-_2024-06-24.pdf,661,999,0.47212753,0.39903367
fia_2026_formula_1_technical_regulations_issue_8_-_2024-06-24.pdf,662,1000,0.38474482,0.20755722
fia_2026_formula_1_technical_regulations_issue_8_-_2024-06-24.pdf,663,1000,0.45139974,0.12729737
fia_2026_formula_1_technical_regulations_issue_8_-_2024-06-24.pdf,664,999,0.38969788,0.27796406
fia_2026_formula_1_technical_regulations_issue_8_-_2024-06-24.pdf,665,1000,0.4462155,0.0869934
fia_2026_formula_1_technical_regulations_issue_8_-_2024-06-24.pdf,666,998,0.40029618,0.23222393
fia_2026_formula_1_technical_regulations_issue_8_-_2024-06-24.pdf,667,999,0.40280408,0.2724493
fia_2026_formula_1_technical_regulations_issue_8_-_2024-06-24.pdf,668,999,0.39437371,0.2594381
fia_2026_formula_1_technical_regulations_issue_8_-_2024-06-24.pdf,669,1000,0.527854,0.3173006
fia_2026_formula_1_technical_regulations_issue_8_-_2024-06-24.pdf,670,1000,0.54372674,0.2682173
fia_2026_formula_1_technical_regulations_issue_8_-_2024-06-24.pdf,671,1000,0.50930935,0.054519102
fia_2026_formula_1_technical_regulations_issue_8_-_2024-06-24.pdf,672,1000,0.513048,0.2781551
fia_2026_formula_1_technical_regulations_issue_8_-_2024-06-24.pdf,673,1000,0.41917992,0.23038429
fia_2026_formula_1_technical_regulations_issue_8_-_2024-06-24.pdf,674,999,0.5601896,0.25625855
fia_2026_formula_1_technical_regulations_issue_8_-_2024-06-24.pdf,675,998,0.47001624,0.42936805
fia_2026_formula_1_technical_regulations_issue_8_-_2024-06-24.pdf,676,999,0.5568452,0.32949993
fia_2026_formula_1_technical_regulations_issue_8_-_2024-06-24.pdf,677,1000,0.49586523,0.34160587
fia_2026_formula_1_technical_regulations_issue_8_-_2024-06-24.pdf,678,1000,0.4318272,0.3240132
fia_2026_formula_1_technical_regulations_issue_8_-_2024-06-24.pdf,679,1000,0.47138765,0.38568774
fia_2026_formula_1_technical_regulations_issue_8_-_2024-06-24.pdf,680,1000,0.38591042,0.3325558
fia_2026_formula_1_technical_regulations_issue_8_-_2024-06-24.pdf,681,998,0.55658036,0.32636052
fia_2026_formula_1_technical_regulations_issue_8_-_2024-06-24.pdf,682,1000,0.54613477,0.38011912
fia_2026_formula_1_technical_regulations_issue_8_-_2024-06-24.pdf,683,1000,0.493813,0.19573121
fia_2026_formula_1_technical_regulations_issue_8_-_2024-06-24.pdf,684,999,0.36188442,0.28820533
fia_2026_formula_1_technical_regulations_issue_8_-_2024-06-24.pdf,685,999,0.3816228,0.23413444
fia_2026_formula_1_technical_regulations_issue_8_-_2024-06-24.pdf,686,1000,0.45072892,0.28234518
fia_2026_formula_1_technical_regulations_issue_8_-_2024-06-24.pdf,687,1000,0.31654593,0.12511216
fia_2026_formula_1_technical_regulations_issue_8_-_2024-06-24.pdf,688,1000,-0.03287643,-0.029811315
fia_2026_formula_1_technical_regulations_issue_8_-_2024-06-24.pdf,689,1000,-0.14320438,-0.036442332
fia_2026_formula_1_technical_regulations_issue_8_-_2024-06-24.pdf,690,1000,-0.025650172,-0.097263314
fia_2026_formula_1_technical_regulations_issue_8_-_2024-06-24.pdf,691,1000,-0.12192093,-0.060165767
fia_2026_formula_1_technical_regulations_issue_8_-_2024-06-24.pdf,692,1000,0.1290963,-0.217255
fia_2026_formula_1_technical_regulations_issue_8_-_2024-06-24.pdf,693,1000,0.14637104,-0.29508078
fia_2026_formula_1_technical_regulations_issue_8_-_2024-06-24.pdf,694,999,-0.055680495,-0.1514058
fia_2026_formula_1_technical_regulations_issue_8_-_2024-06-24.pdf,695,1000,-0.11459216,-0.03396323
fia_2026_formula_1_technical_regulations_issue_8_-_2024-06-24.pdf,696,999,-0.103774264,-0.10560057
fia_2026_formula_1_technical_regulations_issue_8_-_2024-06-24.pdf,697,1000,-0.014541495,-0.046355367
fia_2026_formula_1_technical_regulations_issue_8_-_2024-06-24.pdf,698,1000,-0.11864692,-0.10610152
fia_2026_formula_1_technical_regulations_issue_8_-_2024-06-24.pdf,699,1000,-0.07891441,-0.21322605
fia_2026_formula_1_technical_regulations_issue_8_-_2024-06-24.pdf,700,999,-0.029122801,-0.07638605
fia_2026_formula_1_technical_regulations_issue_8_-_2024-06-24.pdf,701,1000,0.0026840887,-0.1796563
fia_2026_formula_1_technical_regulations_issue_8_-_2024-06-24.pdf,702,1000,0.075824216,-0.2684673
fia_2026_formula_1_technical_regulations_issue_8_-_2024-06-24.pdf,703,1000,0.10901509,-0.24780548
fia_2026_formula_1_technical_regulations_issue_8_-_2024-06-24.pdf,704,1000,0.0935342,-0.26040125
fia_2026_formula_1_technical_regulations_issue_8_-_2024-06-24.pdf,705,1000,0.20500067,-0.28176743
fia_2026_formula_1_technical_regulations_issue_8_-_2024-06-24.pdf,706,1000,0.13489002,-0.21139582
fia_2026_formula_1_technical_regulations_issue_8_-_2024-06-24.pdf,707,1000,0.1728541,-0.3286745
fia_2026_formula_1_technical_regulations_issue_8_-_2024-06-24.pdf,708,1000,0.15066904,-0.12016953
fia_2026_formula_1_technical_regulations_issue_8_-_2024-06-24.pdf,709,1000,0.11115656,-0.25598994
fia_2026_formula_1_technical_regulations_issue_8_-_2024-06-24.pdf,710,998,0.09076057,-0.21484616
fia_2026_formula_1_technical_regulations_issue_8_-_2024-06-24.pdf,711,372,0.2150121,-0.02420756
